run_date,company,summary,source_titles,chatter_summary,chatter_source_titles
"2026-08-21","Godrej Properties","Analysts remain optimistic about Godrej Properties and other realty stocks despite a weak Q1 and recent market volatility, citing low housing inventory and strong pre‑sales guidance as key tailwinds. They also point to robust leasing activity in commercial REITs, which is boosting overall sector sentiment. Brokerages such as Kotak Securities and Ambit Capital have highlighted DLF, Sobha, Lodha and select REITs as top long‑term picks, suggesting a potential rally for the broader real estate segment that could include Godrej Properties.","Are DLF, Godrej Properties, Sobha, other realty stocks heading for a rally? Here is why analysts remain bullish","The recent social‑media posts about Godrej Properties are mainly reposts of official announcements and news articles rather than unverified rumors or speculation. There is no notable chatter on leadership changes, unconfirmed claims, or other speculative topics in the current Reddit or StockTwits activity.","Market share of Real estate cos of India 🏗🏢🏘

DLF  - Delhi NCR, Pan-India
Godrej Prop - Pan-India 
Oberoi Realty - Mumbai Metropolitan Region 
Phoenix Mills - Pan-India
Lodha - Mumbai (MMR), Pune

$GODREJPROP.NSE | 🚨 Godrej Properties makes Embellish Houses merger effective after completing ROC filing

$GODREJPROP.NSE 

Godrej Properties has made the Scheme of Amalgamation of its wholly owned subsidiary Embellish Houses Private Limited with the listed company effective after filing the NCLT-sanctioned scheme with the Registrar of Companies, Mumbai. 0

The Mumbai Bench of the NCLT had sanctioned the amalgamation on July 8. Godrej Properties received the certified copy of the order on August 7 and has now completed the filing required to make the scheme operative.

The appointed date of the scheme is November 1, 2025. Since Embellish Houses is wholly owned by Godrej Properties, no new Godrej Properties shares will be issued as merger consideration; the subsidiary’s existing shares will stand cancelled under the scheme. 1

The amalgamation consolidates the real-estate businesses within Godrej Properties and reduces the number of separate legal entities and related administrative and regulatory compliances. | $GODREJPROP.NSE shares jump over 4% on positive FY27 outlook, strong residential market 
 
https://www.cnbctv18.com/market/godrej-properties-share-price-strong-fy27-outlook-operating-cash-flow-collections-new-launches-returns-19962159.htm | $GODREJPROP.NSE Q1 Results: Operating cash flow of ₹20,000 crore see by next seven quarters 
 
https://www.cnbctv18.com/market/godrej-properties-q1-results-cash-flow-guidance-fy28-fcf-booking-collection-share-price-19961195.htm | GODREJ PROPERTIES | Q1 RESULTS 🚨 
 
✅ Net Profit declined 42% YoY to ₹350 Cr vs ₹600 Cr 
 
✅ Revenue increased 16% YoY to ₹506 Cr vs ₹435 Cr 
 
✅ Other Income fell to ₹839 Cr vs ₹1,186 Cr YoY 
 
✅ EBITDA Loss widened to ₹285.5 Cr vs ₹243 Cr loss YoY 
 
📊 Mixed quarterly performance with higher revenue, but profitability remained under pressure due to a wider EBITDA loss and lower other income. 
 
$GODREJPROP.NSE | $GODREJPROP.NSE - CMP: 2101.1
O: 2125.0 | H: 2134.0 | L: 2096.1 | Prev: 2117.87 | Change: -0.80%

Sector: Finance
Industry: Real Estate Development

Godrej Properties is currently a focal point for investors as the company continues to report record-breaking sales performance and expands its project pipeline through strategic land acquisitions in high-growth markets like Bengaluru, Gurugram, and Pune. Market participants are actively discussing the company&#39;s strong operational momentum, recent quarterly earnings, and its ability to secure major luxury development contracts, which remain key drivers for its positive sentiment.

Explore the tools for automated analysis at https://kkonline.org/nimblrta/"
"2026-08-21","Biocon","No fresh news found for Biocon today from the tracked sources.","","The recent StockTwits posts about Biocon appear to be users simply reposting official earnings results, FDA approval news and management commentary rather than sharing unverified rumors or speculation. No Reddit or StockTwits chatter was found that discusses leadership changes, takeover rumors, or other speculative claims that have not been reported by mainstream news outlets.","Vikas Khemani bets big on India&#39;s manufacturing shift, sees $BIOCON.NSE  at an &quot;inflection point&quot; 
 
https://www.cnbctv18.com/market/vikas-khemani-bets-on-india-manufacturing-shift-sees-biocon-at-inflection-point-19974251.htm | $PAYTM.NSE $BSE.NSE $TIINDIA.NSE $BIOCON.NSE

https://newsletter.indiastox.com/p/milky-mist-pops-paytm-blocks-bse-gets-hit-again | BIOCON LTD 🚨 
 
✅ US FDA approves Yesintek Single-dose Prefilled Autoinjector 
 
✅ Product indicated for the treatment of moderate to severe plaque psoriasis 
 
✅ Approval strengthens Biocon’s presence in the immunology &amp; dermatology segment 
 
📌 Key development for Biocon’s U.S. portfolio 
 
$BIOCON.NSE | $BIOCON.NSE  expects stronger second half on new biosimilar launches 
 
https://www.cnbctv18.com/market/earnings/biocon-q1-results-expects-stronger-second-half-on-new-biosimilar-launches-syngene-turnaround-seen-by-fy27-end-19963264.htm | 🧬 BIOCON | Management Commentary

📈 Biocon expects its subsidiary Syngene International to deliver stronger performance in the second half of FY27 (October–March).

📌 Key Takeaways:

Management expects Syngene International to perform better during the October–March period.

The outlook suggests improved business momentum in the second half of the financial year.

Investors may watch for stronger execution, higher demand, and improved earnings contribution from Syngene in H2 FY27.

$BIOCON.NSE | #BIOCON | Q1 FY27 Results 📊 
 
✅ Net Profit jumps to ₹141 Cr vs ₹31.4 Cr YoY (~349% Growth) 🚀 
 
✅ Revenue rises 10% YoY to ₹4,336 Cr vs ₹3,942 Cr 
 
✅ EBITDA grows 10.6% YoY to ₹847.2 Cr vs ₹766.1 Cr 
 
✅ EBITDA Margin improves to 19.54% vs 19.43% YoY 
 
📈 Strong bottom-line growth supported by steady revenue and EBITDA expansion. 
 
$BIOCON.NSE"
"2026-08-21","South Indian Bank","No fresh news found for South Indian Bank today from the tracked sources.","","The recent StockTwits posts about South Indian Bank are primarily sharing official earnings figures, board approvals, and RBI appointment notices rather than unverified rumors or speculation. Consequently, there is no notable social‑media chatter containing speculative or unconfirmed claims about the bank’s leadership, strategy, or other rumors.","4. South Indian Bank 
 
FII holding: 17.58% → 25.39% 
 
What&#39;s improving: 
• Sharp reduction in NPAs 
• Record annual profit 
• Growth in deposits and advances 
• Focus on retail and MSME lending 
 
Key risk: Profitability metrics still trail leading private sector banks. 
 
$SOUTHBANK.NSE | $SOUTHBANK.NSE expects stable asset quality, strong gold loan growth 
 
https://www.cnbctv18.com/market/earnings/south-indian-bank-stable-asset-quality-gold-loan-growth-despite-global-risks-ceo-q1-earnings-results-boardroom-geopolitical-tensions-west-asia-19948121.htm | SOUTH INDIAN BANK 
 
✅ Board approves fundraising of up to ₹1,000 Crore through debt securities. 
 
✅ Fundraising is subject to shareholder approval. 
 
✅ The proposed capital raise is expected to strengthen the bank&#39;s funding position and support future growth initiatives. 
 
🏦 A key corporate development to watch for investors. 
 
$SOUTHBANK.NSE | $SOUTHBANK.NSE Q1 Results: Core income drops 13%, asset quality stable 
 
https://www.cnbctv18.com/market/south-indian-bank-q1-results-core-income-drops-13-pc-asset-quality-stable-19947084.htm | 🚨 #SOUTHBANK Q1 FY27 RESULTS 🏦📊

✅ Net Profit: ₹380 Cr ⬆️ 18% YoY (vs ₹322 Cr)

✅ Interest Earned: ₹2,630 Cr ⬆️ 11% YoY (vs ₹2,360 Cr)

✅ Gross NPA: 1.38% vs 1.43% (QoQ)

✅ Net NPA: 0.26% vs 0.29% (QoQ)

$SOUTHBANK.NSE | 🚨 #SOUTHBANK IN FOCUS | RBI APPROVES NEW MD &amp; CEO APPOINTMENT 🏦

📢 The South Indian Bank has received RBI approval for the appointment of Mr. Mahesh Muralidhar Pai as its Managing Director &amp; Chief Executive Officer (MD &amp; CEO).

📊 Key Highlights

✅ RBI approves appointment of Mr. Mahesh Muralidhar Pai as MD &amp; CEO

✅ Brings nearly 30 years of banking experience

✅ Previously served as Chief General Manager – Digital Banking &amp; Innovation at Canara Bank

✅ Extensive expertise across: • Treasury • Retail Banking • MSME Banking • Agriculture Finance • Overseas Operations • Board-level leadership

$SOUTHBANK.NSE"
"2026-08-21","Karnataka Bank","No fresh news found for Karnataka Bank today from the tracked sources.","","Reddit and StockTwits users are primarily sharing technical trade setups and reposting publicly released earnings and operational figures for Karnataka Bank, without offering any unverified rumors. No posts were found that speculate about leadership changes, corporate rumors, or other unconfirmed claims about the bank.","$KTKBANK.NSE  
#MSISetup #MomentumTrading #MomentumMentor #RuleBasedSetup 
Stock after Achieving Last Suggest Target, Start Trading in Small Rising Wedge and Price close at its Breakout Level. Expected Further Upside move with Breakout Validation Candle. 
Buy Signal already come in MSI Setup. Now MSI Line in Bullish Zone. 
 
Check my Profile Bio to Connect.  
For more Content Like This - 
Subscribe my Educational Youtube Channel (Handle - @MomentumMentorAbhi). 
Follow me on Twitter/X (Handle - @abhishek_kush ).  
Follow me on TradingView (Handle - @Abhishek_MomentumTrader) | KARNATAKA BANK 
 
✅ Q1 Net Profit: ₹419 Crore ⬆️ vs ₹290 Crore YoY (+44.5%) 
 
✅ Q1 Revenue: ₹2,383 Crore ⬆️ vs ₹2,260 Crore YoY (+5.4%) 
 
✅ Gross NPA (GNPA): Improved to 2.58% from 2.78% QoQ. 
 
✅ Net NPA (NNPA): Declined to 0.87% from 0.98% QoQ. 
 
✅ Strong earnings growth backed by improving asset quality and healthy revenue expansion. 
 
📈 A solid quarter for Karnataka Bank, with profitability and asset quality showing positive momentum. 
 
$KTKBANK.NSE | $KTKBANK.NSE 

🚨 KTKBANK | Ascending Triangle Breakout Alert 🚨

📈 KTKBANK is knocking on a major resistance zone!

A decisive breakout above ₹280 could trigger the next leg of the rally, with ₹300+ as the immediate upside target. | #KARNATAKABANK 
 
✅ Gross Advances grew 16.6% YoY, reflecting strong credit growth. 
 
✅ Advances also increased 3.9% QoQ, indicating healthy sequential momentum. 
 
✅ Sustained loan growth highlights robust business expansion and improving lending traction. 
 
📈 A positive operational update that investors will be watching closely. 
 
$KTKBANK.NSE | Karnataka Bank Ltd reports provisional key business parameters as of 30.06.2026. Deposits grew 6.94% YoY to ₹1,10,411.54 Cr, with Gross Advances up 16.59% YoY to ₹86,590.11 Cr. CASA increased 12.46% YoY to ₹35,802.48 Cr. The share of CASA to total deposits stood at 32.43%. These figures are subject to a limited review by auditors.

📊 KARNATAKA BANK LTD | 🏷️ General

🌐 Details: https://wegro.app/IEQQr1

⚡️Instant stock alerts on WhatsApp - Try FREE 👉 https://www.wegro.app/go

$KTKBANK.NSE | Karnataka Bank Ltd. will hold virtual meetings with Analysts &amp; Institutional Investors on June 25, 2026, from 11 AM to 2 PM. Top management will attend. The meetings are organized by Ernst &amp; Young LLP. Information shared will be limited to what is publicly available, including the Q4FY2025-26 investor presentation already uploaded on the bank&#39;s website.

📊 KARNATAKA BANK LTD | 🏷️ Analyst / Investor Meet

🌐 Details: https://wegro.app/C8fE53

⚡️Instant stock alerts on WhatsApp - Try FREE 👉 https://www.wegro.app/go

$KTKBANK.NSE"
"2026-08-21","Deepak Nitrite","Deepak Nitrite was among the chemical intermediates that posted stronger‑than‑expected Q1 FY27 results, helped by higher product prices and low‑cost inventories. Kotak noted that the sector’s sales grew 17% YoY and EBITDA 22% YoY, with Deepak Nitrite benefiting from these trends. However, the brokerage expects the advantage to diminish in Q2 as firms exhaust cheap stocks and face higher raw‑material costs, pressuring margins. The outlook for the chemical sector remains cautious amid weaker demand and broader macro‑economic uncertainty.","Chemical Firms May See Q1 Profit Gains Fade In Q2 on Higher Raw Material Costs: Kotak Report","The recent StockTwits posts about Deepak Nitrite mainly echo the company’s Q1 FY27 earnings figures and analyst price‑target recommendations, which appear to be reposts of publicly available news rather than original speculation. No unverified rumors, leadership‑change chatter, or speculative sentiment about Deepak Nitrite were identified in the sampled social‑media content.","4. Deepak Nitrite 
 
Q1FY27: 
Revenue: +35% 
EBITDA: +159% 
Net profit: +207% 
EBITDA margin: 21% vs 11% YoY 
 
The story is operating leverage and integrated chemical value chains. 
 
But there is a catch. 
 
The company plans massive capex of around ₹115 bn. 
 
Growth could be substantial, but so can execution and balance-sheet risks. 
 
$DEEPAKNTR.NSE | Vadodara-based $DEEPAKNTR.NSE  expects strong FY27 as raw material strategy supports growth 
 
https://www.cnbctv18.com/market/earnings/vadodara-deepak-nitrite-expects-strong-fy27-raw-material-strategy-supports-growth-west-asia-crisis-q1-earnings-results-boardroom-19964289.htm | Stocks to Focus on 5th Aug 2026

1.  $DEEPAKNTR.NSE  : Buy at ₹1717, Target ₹1796, Stop Loss: ₹1686

2. $ICICIGI.NSE  : Buy at ₹1644, Target ₹1676, Stop Loss: ₹1627

3. $BHARTIHEXA.NSE : Buy at ₹1616, Target ₹1677, Stop Loss: ₹1593

Time Period - 1 week | #DEEPAKNITRITE | Q1 Results 📊 
 
✅ Net Profit jumps to ₹345 Cr vs ₹112.2 Cr YoY (↑207%) 🚀 
 
✅ Revenue rises 36.4% YoY to ₹2,577.6 Cr vs ₹1,889.8 Cr 
 
✅ EBITDA surges to ₹540.2 Cr vs ₹189.4 Cr YoY (↑185%) 
 
✅ EBITDA Margin expands sharply to 21.0% from 10.03% YoY 📈 
 
🔥 Strong quarter with robust earnings growth, higher profitability, and significant margin expansion. 
 
$DEEPAKNTR.NSE | $DEEPAKNTR.NSE Q1 profit surges as margin doubles; board clears ₹2,500 crore expansion 
 
https://www.cnbctv18.com/market/deepak-nitrite-q1-results-profit-surges-margin-doubles-clears-rs-2500-crore-expansion-19961655.htm | Stocks to Watch for August 5: $BHARTIARTL.NSE , $NYKAA.NSE , $DEEPAKNTR.NSE , $MARICO and more 
 
https://www.cnbctv18.com/photos/market/top-stocks-to-watch-for-august-5-bharti-airtel-bharti-hexacom-nykaa-and-banks-auto-rbi-mpc-decision-19961529.htm"
"2026-08-21","Aditya Birla Capital","Aditya Birla Capital’s non‑banking finance arm has launched a gold‑loan product. The firm plans to establish up to 1,000 dedicated gold‑loan branches across India within three years. It targets having about 300 of those branches operational by FY 2027. The expansion aims to capture a share of the rapidly growing gold‑loan market.","Aditya Birla Capital enters gold loan business | Aditya Birla Capital enters gold loans, to have 1000 dedicated branches in three years | Aditya Birla Capital enters gold loan market, plans 1,000 branches | Aditya Birla Capital enters gold loan biz; targets 1,000 branches in 3 years","The recent StockTwits posts about Aditya Birla Capital are largely generic reposts of official news and promotional content—such as earnings highlights, a gold‑loan rollout, and a technical indicator update—rather than unverified rumors or speculation. Consequently, no social‑media speculation about leadership changes, insider moves, or other unconfirmed claims appears in the current chatter.","$ABCAPITAL.NSE shares gain after unit enters gold loan business, plans 1,000 branch rollout 
 
https://www.cnbctv18.com/market/aditya-birla-capital-share-price-unit-enters-gold-loan-business-1000-branch-rollout-in-three-years-19973312.htm | Stocks to Watch in Coming Weeks -                           
$GRASIM.NSE 
$NATIONALUM.NSE 
$TMPV.NSE 
$SHRIRAMFIN.NSE 
$ABCAPITAL.NSE 
 
These stocks are ones to watch in the coming days. Are you adding any of them to your portfolio? | 🚨 Stock on SSSS Radar: ABCAPITAL 
 
📈 ABCAPITAL has just entered the TREND Category on the Smooth Structural Strength Score (SSSS) indicator. 
 
✅ Fresh 52-Week High 
✅ Breakout after a long consolidation 
✅ Trading in uncharted territory 
⏳ Next milestone: Leadership Category 
 
Why SSSS? 
 
🟢 For Passive Investors 
Hold winners as long as they remain in Trend or Leadership. 
 
No need to predict market tops. 
 
No need to worry about overbought readings or bearish divergences. 
 
Exit only when the stock weakens into Choppy or Noise. 
 
🔵 For Active Traders 
 
A quality watchlist creates quality opportunities. 
Whether you trade: 
• Swing Trading 
• Positional Trading 
• F&amp;O Strategies 
• Breakouts 
• Momentum Systems 
helps you focus on stocks with improving structural strength—before they become market leaders. 
 
Stop predicting. Start filtering. 
 
The biggest edge isn&#39;t finding more trades—it&#39;s avoiding weak stocks. 
 
📊 SSSS Indicator is available on TradingView through an affordable subscription $ABCAPITAL.NSE | $ABCAPITAL.NSE  Q1 Results: Lending, insurance lift profit 40%; AUM tops ₹7.5 lakh crore 
 
https://www.cnbctv18.com/market/aditya-birla-capital-q1-results-lending-insurance-lift-profit-aum-tops-rs-7-5-lakh-crore-19958807.htm | 2. Aditya Birla Capital 
 
Valuation: P/E of 27.58 vs industry average of 31.05 
 
FII holding: 7.01% → 7.94% (+0.93 percentage points) 
 
Key highlights: 
• Diversified financial services platform 
• Q4 Net Interest Income grew 27.4% YoY 
• Net profit increased 30.6% YoY 
 
$ABCAPITAL.NSE | 3. Aditya Birla Capital 
 
Valuation: P/E of 27.58 vs industry average of 31.05 
FII holding: 7.01% → 7.94% (+0.93 percentage points) 
 
Key highlights: 
• Diversified financial services platform 
• Q4 Net Interest Income grew 27.4% YoY 
• Net profit increased 30.6% YoY 
 
$ABCAPITAL.NSE"
"2026-08-21","Cohance Lifesciences","On August 20 2026, Cohance Lifesciences Ltd was reported as one of the gainers in the BSE’s “A” group, according to Business Standard. The article listed Cohance alongside Balrampur Chini Mills, Kiri Industries, and Hubtown, while noting that Genus Power Infrastructures led the gainers that day. No further details about the company’s performance or outlook were provided.","Genus Power Infrastructures Ltd leads gainers in 'A' group","Social‑media posts on StockTwits regarding Cohance Lifesciences are limited to a swing‑trade suggestion and reposts of official regulatory filings, without any unverified rumors or speculative claims. Consequently, no Reddit or StockTwits users were found to be speculating—without evidence—about leadership changes, FDA issues, or other non‑public developments.","SWING TRADE IDEA🔥
STOCK: $COHANCE.NSE 
TIMEFRAME: 1 Day Chart 
Breakout above: 486.50+
SL: 465
Target: 510/531/585/640+++
(Do your own research before investing) | $COHANCE.NSE ’ Hyderabad plant gets USFDA observations: What it means for the pharma maker 
 
https://www.cnbctv18.com/business/companies/cohances-hyderabad-facility-gets-five-usfda-observations-after-inspection-19962649.htm | $COHANCE.NSE - CMP: 406.3
O: 410.0 | H: 412.3 | L: 403.55 | Prev: 414.63 | Change: -2.05%

Sector: Health Technology
Industry: Pharmaceuticals Major

Cohance Lifesciences is trending following significant corporate developments, including a recent leadership transition with the appointment of a new Chairman and Group CEO and the approval of an employee stock option plan. The community is actively monitoring the company&#39;s strategic shift toward a technology-driven CDMO platform, with discussions focusing on the impact of these changes on long-term growth and operational execution.

Explore the tools for automated analysis at https://kkonline.org/nimblrta/ | Cohance Lifesciences Limited announces that Catalyst Trusteeship Limited, as onshore security agent, has created an encumbrance over 21,99,30,170 equity shares (57.49% of total share capital) held by Berhyanda Limited (33.34%) &amp; Jusmiral Holdings Limited (24.15%). This is to secure term loan facilities availed by the borrowers from various lenders including Barclays Bank Plc &amp; Deutsche Bank AG. The pledge effective June 17, 2026, and covenants effective June 16, 2026, restrict disposal of these shares.

📊 COHANCE LIFESCIENCES LTD | 🏷️ Disclosures under Reg. 29(1) of SEBI (SAST) Regulations, 2011

🌐 Details: https://wegro.app/OR7tPk

⚡️Instant stock alerts on WhatsApp - Try FREE 👉 https://www.wegro.app/go

$COHANCE.NSE | Cohance Lifesciences Limited reports an encumbrance on 219,930,170 equity shares (57.49% of total share capital) held by Berhyanda Limited (127,539,592 shares, 33.34%) &amp; Jusmiral Holdings Limited (92,390,578 shares, 24.15%). This indirect encumbrance arose from term loan facilities availed by the borrowers under a Facility Agreement dated June 11, 2026, with covenants taking effect from June 16, 2026. Shares of the borrowers have also been pledged via Offshore Pledge Agreements.

📊 COHANCE LIFESCIENCES LTD | 🏷️ Disclosures under Reg. 29(1) of SEBI (SAST) Regulations, 2011

🌐 Details: https://wegro.app/fvFMcO

⚡️Instant stock alerts on WhatsApp - Try FREE 👉 https://www.wegro.app/go

$COHANCE.NSE | Cohance Lifesciences Limited announces the release of encumbrance on equity shares held by Berhyanda Limited &amp; Jusmiral Holdings Limited. This release, effective June 16, 2026, follows the full repayment of notes issued under a Notes Purchase Agreement. Previously, Berhyanda Limited had 12,75,39,592 shares (33.34% stake) &amp; Jusmiral Holdings Limited had 9,23,90,578 shares (24.15% stake) under encumbrance. This disclosure is made as per SEBI SAST Regulations.

📊 COHANCE LIFESCIENCES LTD | 🏷️ Disclosures under Reg. 29(2) of SEBI (SAST) Regulations, 2011

🌐 Details: https://wegro.app/1Zo9P9

⚡️Instant stock alerts on WhatsApp - Try FREE 👉 https://www.wegro.app/go

$COHANCE.NSE"
"2026-08-21","PhysicsWallah","SEBI‑registered analyst Anik Mitra projects a 36‑48% upside for PhysicsWallah, setting a target price of ₹170‑₹185 per share. The bullish outlook is anchored on the company’s improving profitability and its expansion into AI‑driven growth opportunities. Mitra’s assessment suggests the stock could significantly appreciate if these trends continue.","Physicswallah Share Price: Analyst sees 36-48% upside; sets Rs 170-185 target","Reddit and StockTwits activity does not appear to contain any unverified rumors or speculation about PhysicsWallah; the recent posts are primarily sharing links to news articles and official financial results. Consequently, there is no discernible social‑media chatter about leadership changes, unconfirmed claims, or other speculative topics regarding PhysicsWallah.","$BSE.NSE $UFLEX.NSE $PHYSICSWALLAH.P $DRREDDY.NSE $COCHINSHIP.NSE

https://newsletter.indiastox.com/p/bse-gets-cut-uflex-explodes-dr-reddy-s-trips | $PHYSICSWALLAH.P shares jump 8% after Q1 revenue rises 24%, $JMFINANCIL.NSE upgrades 
 
https://www.cnbctv18.com/market/physicswallah-share-price-jumps-after-q1-revenue-rises-jm-financial-upgrades-19970914.htm | PHYSICS WALLAH (PW) 📊 
 
✅ Q1 Net Loss narrowed sharply to ₹22.9 Cr vs ₹126 Cr YoY 
 
✅ Revenue jumped 34% YoY to ₹930 Cr vs ₹694 Cr 
 
✅ Strong revenue growth coupled with a significant reduction in losses 
 
$PHYSICSWALLAH.P | $PHYSICSWALLAH.P $RAJESHEXPO.NSE $TITAN.NSE $POWERINDIA.NSE $AGARIND.NSE

https://newsletter.indiastox.com/p/sebi-shock-student-loans-and-jewellery-targets | 🚨 PhysicsWallah jumps after lending strategy U-turn

PhysicsWallah shares surged up to 17% after the edtech firm scrapped plans to lend directly to students through FinZ Finance.

Instead, PW will partner with regulated third-party NBFCs, reducing balance sheet and credit risk.

Key details:
• Q4 loss narrowed 75% YoY to ₹75 CR
• FY26 loss narrowed to ₹24.17 CR from ₹243.26 CR
• FY26 revenue rose 35% to ₹3,899.54 CR
• Centres increased 78% to 353
• Student base: 14.2 CR

The market read the shift as better capital discipline and lower lending-risk exposure.

$PHYSICSWALLAH.P 

#PhysicsWallah #PW #Edtech #StockMarket #IndianMarkets #NBFC #StartupIndia Educational | $HDFCBANK.NSE $CUMMINSIND.NSE $GILLETTE.NSE $BATAINDIA.NSE $PHYSICSWALLAH.P

https://newsletter.indiastox.com/p/hdfc-s-governance-heat-gillette-s-clean-shave-bata-s-profit-bruise"
"2026-08-21","Godawari Power and Ispat","No fresh news found for Godawari Power and Ispat today from the tracked sources.","","No notable social media chatter found for Godawari Power and Ispat today.",""